Date,France,Canada,Argentina,Australia,Russia,Ukraine,USA,,,,,,,,,,,,,,,,,,,,,,,,,,,,,,,,,,,,,,,,,,,,,,,
1-Mar-25,243.52,262.29,243.05,243.67,250.62,234.81,255.55,,,,,,,,,,,,,,,,,,,,,,,,,,,,,,,,,,,,,,,,,,,,,,,
1-Feb-25,243.85,271.25,237.65,251,247.3,232.15,264.3,,,,,,,,,,,,,,,,,,,,,,,,,,,,,,,,,,,,,,,,,,,,,,,
1-Jan-25,242.22,269.22,229.2,245.39,237.87,223.13,253.9,,,,,,,,,,,,,,,,,,,,,,,,,,,,,,,,,,,,,,,,,,,,,,,
1-Dec-24,242.41,270.5,228.4,248.91,234.05,219.23,251.52,,,,,,,,,,,,,,,,,,,,,,,,,,,,,,,,,,,,,,,,,,,,,,,
1-Nov-24,235.57,262.9,224.75,255.71,228.1,218.24,254.5,,,,,,,,,,,,,,,,,,,,,,,,,,,,,,,,,,,,,,,,,,,,,,,
1-Oct-24,249,274.52,241.96,254.3,235.74,218.52,271.96,,,,,,,,,,,,,,,,,,,,,,,,,,,,,,,,,,,,,,,,,,,,,,,
1-Sep-24,245.29,271.67,258,258.38,216.76,203.81,269.6,,,,,,,,,,,,,,,,,,,,,,,,,,,,,,,,,,,,,,,,,,,,,,,
1-Aug-24,233.68,259.95,269.8,270.41,218.86,200.91,249.35,,,,,,,,,,,,,,,,,,,,,,,,,,,,,,,,,,,,,,,,,,,,,,,
1-Jul-24,237.74,266.87,272.56,276.91,220.61,199.87,260.04,,,,,,,,,,,,,,,,,,,,,,,,,,,,,,,,,,,,,,,,,,,,,,,
1-Jun-24,247.95,278.7,287.8,286.15,239.65,213.1,267.3,,,,,,,,,,,,,,,,,,,,,,,,,,,,,,,,,,,,,,,,,,,,,,,
1-May-24,255.57,312.74,286.7,267.43,235.7,209.13,290.9,,,,,,,,,,,,,,,,,,,,,,,,,,,,,,,,,,,,,,,,,,,,,,,
1-Apr-24,220.27,285.95,244.72,243.41,210.86,181.86,273.16,,,,,,,,,,,,,,,,,,,,,,,,,,,,,,,,,,,,,,,,,,,,,,,
1-Mar-24,213.86,287.48,221.95,250.43,202.76,174,274.35,,,,,,,,,,,,,,,,,,,,,,,,,,,,,,,,,,,,,,,,,,,,,,,
1-Feb-24,225.81,299.76,231.45,269,220.14,178.86,278.25,,,,,,,,,,,,,,,,,,,,,,,,,,,,,,,,,,,,,,,,,,,,,,,
1-Jan-24,240.83,313.39,244.88,281.22,241.78,191.47,284.4,,,,,,,,,,,,,,,,,,,,,,,,,,,,,,,,,,,,,,,,,,,,,,,
1-Dec-23,247,316.57,247.6,296,241.95,,290.05,,,,,,,,,,,,,,,,,,,,,,,,,,,,,,,,,,,,,,,,,,,,,,,
1-Nov-23,247.45,314.55,251,276.23,233.55,,283.15,,,,,,,,,,,,,,,,,,,,,,,,,,,,,,,,,,,,,,,,,,,,,,,
1-Oct-23,246.86,312.45,302.48,296.32,227.73,,296.6,,,,,,,,,,,,,,,,,,,,,,,,,,,,,,,,,,,,,,,,,,,,,,,
1-Sep-23,247.19,319.48,313.05,298.29,244.48,,315.4,,,,,,,,,,,,,,,,,,,,,,,,,,,,,,,,,,,,,,,,,,,,,,,
1-Aug-23,252.74,332.7,321.76,293.65,252.74,,318.12,,,,,,,,,,,,,,,,,,,,,,,,,,,,,,,,,,,,,,,,,,,,,,,
1-Jul-23,262,352.1,335.7,290.9,238.19,212.07,344.05,,,,,,,,,,,,,,,,,,,,,,,,,,,,,,,,,,,,,,,,,,,,,,,
1-Jun-23,254.73,329.55,357.7,274.41,229.77,211.91,346.3,,,,,,,,,,,,,,,,,,,,,,,,,,,,,,,,,,,,,,,,,,,,,,,
1-May-23,261.57,327.87,366.48,273.91,251.74,229.7,364.08,,,,,,,,,,,,,,,,,,,,,,,,,,,,,,,,,,,,,,,,,,,,,,,
1-Apr-23,279.65,336.95,344.95,294.3,275.11,249.21,379.45,,,,,,,,,,,,,,,,,,,,,,,,,,,,,,,,,,,,,,,,,,,,,,,
1-Mar-23,291.22,342.91,348,303,284.57,261.26,368.15,,,,,,,,,,,,,,,,,,,,,,,,,,,,,,,,,,,,,,,,,,,,,,,
1-Feb-23,320.55,371.35,361.05,322.6,303.15,270,392.75,,,,,,,,,,,,,,,,,,,,,,,,,,,,,,,,,,,,,,,,,,,,,,,
1-Jan-23,325.77,371.14,375,325.18,309.18,268.05,382.08,,,,,,,,,,,,,,,,,,,,,,,,,,,,,,,,,,,,,,,,,,,,,,,
1-Dec-22,331.55,379.23,392.9,335.18,313.09,267.82,385.95,,,,,,,,,,,,,,,,,,,,,,,,,,,,,,,,,,,,,,,,,,,,,,,
1-Nov-22,339.73,386.91,414.2,351.86,321,271.32,422.88,,,,,,,,,,,,,,,,,,,,,,,,,,,,,,,,,,,,,,,,,,,,,,,
1-Oct-22,343.95,389.43,422.55,351.29,321,279.05,439.75,,,,,,,,,,,,,,,,,,,,,,,,,,,,,,,,,,,,,,,,,,,,,,,
1-Sep-22,337.91,382.32,403,338.5,318.55,271.05,419.7,,,,,,,,,,,,,,,,,,,,,,,,,,,,,,,,,,,,,,,,,,,,,,,
1-Aug-22,340.83,376.13,407.2,356.74,337.65,,383.12,,,,,,,,,,,,,,,,,,,,,,,,,,,,,,,,,,,,,,,,,,,,,,,
1-Jul-22,355.43,379.1,424.05,383.43,371,,382.8,,,,,,,,,,,,,,,,,,,,,,,,,,,,,,,,,,,,,,,,,,,,,,,
1-Jun-22,408.41,458.5,478.35,413.14,421.45,,457.75,,,,,,,,,,,,,,,,,,,,,,,,,,,,,,,,,,,,,,,,,,,,,,,
1-May-22,439.91,506.5,468.68,401.77,407.73,,516.16,,,,,,,,,,,,,,,,,,,,,,,,,,,,,,,,,,,,,,,,,,,,,,,
1-Apr-22,432.33,467.52,422.2,392.9,392.62,,496.4,,,,,,,,,,,,,,,,,,,,,,,,,,,,,,,,,,,,,,,,,,,,,,,
1-Mar-22,431.48,450.3,407.36,393.3,414.39,375,481.04,,,,,,,,,,,,,,,,,,,,,,,,,,,,,,,,,,,,,,,,,,,,,,,
1-Feb-22,317.6,408.8,316.55,322.25,321.2,304.1,386.68,,,,,,,,,,,,,,,,,,,,,,,,,,,,,,,,,,,,,,,,,,,,,,,
1-Jan-22,316.33,389.95,304.05,310.76,333.48,314.33,373.25,,,,,,,,,,,,,,,,,,,,,,,,,,,,,,,,,,,,,,,,,,,,,,,
1-Dec-21,326.75,416.75,317.75,308.25,336.25,319,379.5,,,,,,,,,,,,,,,,,,,,,,,,,,,,,,,,,,,,,,,,,,,,,,,
1-Nov-21,339.4,417.4,314,327.2,338.4,322,377.6,,,,,,,,,,,,,,,,,,,,,,,,,,,,,,,,,,,,,,,,,,,,,,,
1-Oct-21,322.75,396.75,302.25,320.75,316.25,302.25,353.25,,,,,,,,,,,,,,,,,,,,,,,,,,,,,,,,,,,,,,,,,,,,,,,
1-Sep-21,300.75,367.5,291.5,303.75,306.75,286,337,,,,,,,,,,,,,,,,,,,,,,,,,,,,,,,,,,,,,,,,,,,,,,,
1-Aug-21,294,371.8,285.4,293.8,286.2,266.6,323.8,,,,,,,,,,,,,,,,,,,,,,,,,,,,,,,,,,,,,,,,,,,,,,,
1-Jul-21,248.25,345.5,275.5,281.5,240.5,225,291.25,,,,,,,,,,,,,,,,,,,,,,,,,,,,,,,,,,,,,,,,,,,,,,,
1-Jun-21,266.8,324.2,274.2,284.8,257.8,248.8,284.8,,,,,,,,,,,,,,,,,,,,,,,,,,,,,,,,,,,,,,,,,,,,,,,
1-May-21,293.5,318.5,280,288.5,273.25,266.25,298.5,,,,,,,,,,,,,,,,,,,,,,,,,,,,,,,,,,,,,,,,,,,,,,,
1-Apr-21,273,302.5,267.25,272,252.75,248,281.25,,,,,,,,,,,,,,,,,,,,,,,,,,,,,,,,,,,,,,,,,,,,,,,
1-Mar-21,279.4,290,266.6,273,274.2,269.8,274.4,,,,,,,,,,,,,,,,,,,,,,,,,,,,,,,,,,,,,,,,,,,,,,,
1-Feb-21,287,293.75,272.25,274.25,284,280.25,290.75,,,,,,,,,,,,,,,,,,,,,,,,,,,,,,,,,,,,,,,,,,,,,,,
1-Jan-21,287.25,295.75,282.25,269.25,285.75,278.25,291.5,,,,,,,,,,,,,,,,,,,,,,,,,,,,,,,,,,,,,,,,,,,,,,,
1-Dec-20,263.4,273,269,246.2,256.6,250.8,267.4,,,,,,,,,,,,,,,,,,,,,,,,,,,,,,,,,,,,,,,,,,,,,,,
1-Nov-20,254.75,272.5,259.5,241.75,254,248.75,275.25,,,,,,,,,,,,,,,,,,,,,,,,,,,,,,,,,,,,,,,,,,,,,,,
1-Oct-20,247,263.25,257.25,248.25,248.75,242,273.25,,,,,,,,,,,,,,,,,,,,,,,,,,,,,,,,,,,,,,,,,,,,,,,
1-Sep-20,229.8,245.4,246,231.6,224.8,219.8,246.4,,,,,,,,,,,,,,,,,,,,,,,,,,,,,,,,,,,,,,,,,,,,,,,
1-Aug-20,219.5,234.75,239.75,218.25,202.75,199,220.75,,,,,,,,,,,,,,,,,,,,,,,,,,,,,,,,,,,,,,,,,,,,,,,
1-Jul-20,216,233.5,244,217.5,204.5,195.5,220.5,,,,,,,,,,,,,,,,,,,,,,,,,,,,,,,,,,,,,,,,,,,,,,,
1-Jun-20,209.2,238,240.8,229.6,206.2,193.4,216.4,,,,,,,,,,,,,,,,,,,,,,,,,,,,,,,,,,,,,,,,,,,,,,,
1-May-20,220.5,238.25,239,268,225,215,223,,,,,,,,,,,,,,,,,,,,,,,,,,,,,,,,,,,,,,,,,,,,,,,
1-Apr-20,223.5,236.75,244.25,276.75,228.75,217.75,232,,,,,,,,,,,,,,,,,,,,,,,,,,,,,,,,,,,,,,,,,,,,,,,
1-Mar-20,213.6,242,243.2,242.6,213.2,206,227,,,,,,,,,,,,,,,,,,,,,,,,,,,,,,,,,,,,,,,,,,,,,,,
1-Feb-20,215.75,249,240,247.5,221.75,216.5,230.25,,,,,,,,,,,,,,,,,,,,,,,,,,,,,,,,,,,,,,,,,,,,,,,
1-Jan-20,221.25,259.75,226.25,256.75,225.5,217.5,237,,,,,,,,,,,,,,,,,,,,,,,,,,,,,,,,,,,,,,,,,,,,,,,
1-Dec-19,211.6,251.4,203,247.2,215,204.6,225.2,,,,,,,,,,,,,,,,,,,,,,,,,,,,,,,,,,,,,,,,,,,,,,,
1-Nov-19,202.25,242.75,197.75,235,207.75,197.75,220.25,,,,,,,,,,,,,,,,,,,,,,,,,,,,,,,,,,,,,,,,,,,,,,,
1-Oct-19,197,250,228.6,235.6,201.4,194.2,212.4,,,,,,,,,,,,,,,,,,,,,,,,,,,,,,,,,,,,,,,,,,,,,,,
1-Sep-19,184.5,228,228,239,186.75,179.5,200.5,,,,,,,,,,,,,,,,,,,,,,,,,,,,,,,,,,,,,,,,,,,,,,,
1-Aug-19,187.75,215.25,238,229.25,193.5,183,202.75,,,,,,,,,,,,,,,,,,,,,,,,,,,,,,,,,,,,,,,,,,,,,,,
1-Jul-19,194.4,226.4,244,246.4,194.8,183.2,216.4,,,,,,,,,,,,,,,,,,,,,,,,,,,,,,,,,,,,,,,,,,,,,,,
1-Jun-19,215,239.25,243,251.75,199.25,182,227.5,,,,,,,,,,,,,,,,,,,,,,,,,,,,,,,,,,,,,,,,,,,,,,,
1-May-19,211,238,218.5,227,207,188.25,212,,,,,,,,,,,,,,,,,,,,,,,,,,,,,,,,,,,,,,,,,,,,,,,
1-Apr-19,215.2,233.4,220,248.6,224,210,213.2,,,,,,,,,,,,,,,,,,,,,,,,,,,,,,,,,,,,,,,,,,,,,,,
1-Mar-19,218.75,250.25,231.25,256.5,227.75,214.5,223.5,,,,,,,,,,,,,,,,,,,,,,,,,,,,,,,,,,,,,,,,,,,,,,,
1-Feb-19,230,257.25,244.25,279.25,241.5,226.75,234.5,,,,,,,,,,,,,,,,,,,,,,,,,,,,,,,,,,,,,,,,,,,,,,,
1-Jan-19,239.6,259.2,234,299.4,242.2,224.8,238.2,,,,,,,,,,,,,,,,,,,,,,,,,,,,,,,,,,,,,,,,,,,,,,,
1-Dec-18,237.25,264.5,227.75,310.5,233.75,218.75,240.5,,,,,,,,,,,,,,,,,,,,,,,,,,,,,,,,,,,,,,,,,,,,,,,
1-Nov-18,232.75,266.5,220,300.75,226,214.5,232,,,,,,,,,,,,,,,,,,,,,,,,,,,,,,,,,,,,,,,,,,,,,,,
1-Oct-18,235.2,271,233.2,315,231.8,211.6,239.6,,,,,,,,,,,,,,,,,,,,,,,,,,,,,,,,,,,,,,,,,,,,,,,
1-Sep-18,238,264.25,234.5,292.75,222.5,200,241.75,,,,,,,,,,,,,,,,,,,,,,,,,,,,,,,,,,,,,,,,,,,,,,,
1-Aug-18,245.75,264,241.5,305,230,204.25,249.75,,,,,,,,,,,,,,,,,,,,,,,,,,,,,,,,,,,,,,,,,,,,,,,
1-Jul-18,227.2,235.8,245,258.8,207.6,190.2,235.4,,,,,,,,,,,,,,,,,,,,,,,,,,,,,,,,,,,,,,,,,,,,,,,
1-Jun-18,208.75,232.5,267.75,251,203.25,192.75,241.5,,,,,,,,,,,,,,,,,,,,,,,,,,,,,,,,,,,,,,,,,,,,,,,
1-May-18,205.8,256,260.8,247.6,212.8,200.2,249.6,,,,,,,,,,,,,,,,,,,,,,,,,,,,,,,,,,,,,,,,,,,,,,,
1-Apr-18,208.75,246.75,228.5,231.25,212.5,201.75,240.25,,,,,,,,,,,,,,,,,,,,,,,,,,,,,,,,,,,,,,,,,,,,,,,
1-Mar-18,206.75,247.25,211,222.75,208.25,198.25,245.5,,,,,,,,,,,,,,,,,,,,,,,,,,,,,,,,,,,,,,,,,,,,,,,
1-Feb-18,203.75,249.25,188.75,223.25,201.5,189.75,239.75,,,,,,,,,,,,,,,,,,,,,,,,,,,,,,,,,,,,,,,,,,,,,,,
1-Jan-18,195.4,258.2,177.6,216.8,193.2,182,228.6,,,,,,,,,,,,,,,,,,,,,,,,,,,,,,,,,,,,,,,,,,,,,,,
1-Dec-17,191,252.5,178,213.25,191,180,219.25,,,,,,,,,,,,,,,,,,,,,,,,,,,,,,,,,,,,,,,,,,,,,,,
1-Nov-17,190.5,259,179,213.75,192,179.5,220.25,,,,,,,,,,,,,,,,,,,,,,,,,,,,,,,,,,,,,,,,,,,,,,,
1-Oct-17,191.8,257.4,182.4,211.4,194.6,177,214,,,,,,,,,,,,,,,,,,,,,,,,,,,,,,,,,,,,,,,,,,,,,,,
1-Sep-17,189.75,266,181.25,216,187,169,215.25,,,,,,,,,,,,,,,,,,,,,,,,,,,,,,,,,,,,,,,,,,,,,,,
1-Aug-17,190,278,190.2,212.4,190.8,165.8,201,,,,,,,,,,,,,,,,,,,,,,,,,,,,,,,,,,,,,,,,,,,,,,,
1-Jul-17,197.5,310.5,192.75,240.5,194,173,240,,,,,,,,,,,,,,,,,,,,,,,,,,,,,,,,,,,,,,,,,,,,,,,
1-Jun-17,187.75,258.75,190.5,212,188.25,172.25,226.25,,,,,,,,,,,,,,,,,,,,,,,,,,,,,,,,,,,,,,,,,,,,,,,
1-May-17,187.2,223.8,188.6,184.2,186.8,174.4,200.2,,,,,,,,,,,,,,,,,,,,,,,,,,,,,,,,,,,,,,,,,,,,,,,
1-Apr-17,182,216.75,189.25,175,188.25,174.5,190.75,,,,,,,,,,,,,,,,,,,,,,,,,,,,,,,,,,,,,,,,,,,,,,,
1-Mar-17,190.5,215.75,191.5,179.5,192,178.5,198.25,,,,,,,,,,,,,,,,,,,,,,,,,,,,,,,,,,,,,,,,,,,,,,,
1-Feb-17,191.25,223.75,186.25,177.25,191.25,177,210,,,,,,,,,,,,,,,,,,,,,,,,,,,,,,,,,,,,,,,,,,,,,,,
1-Jan-17,189.8,225.8,177.2,172.2,184.6,169.6,200.6,,,,,,,,,,,,,,,,,,,,,,,,,,,,,,,,,,,,,,,,,,,,,,,
1-Dec-16,181.75,219.25,168,178.25,183.25,168.75,186.75,,,,,,,,,,,,,,,,,,,,,,,,,,,,,,,,,,,,,,,,,,,,,,,
1-Nov-16,187,209.6,176.4,190.6,182.2,167.2,190.6,,,,,,,,,,,,,,,,,,,,,,,,,,,,,,,,,,,,,,,,,,,,,,,
1-Oct-16,184.5,215.5,184,189,174.75,162,192.75,,,,,,,,,,,,,,,,,,,,,,,,,,,,,,,,,,,,,,,,,,,,,,,
1-Sep-16,181.75,202.75,201.25,187.75,169.75,154.5,188.25,,,,,,,,,,,,,,,,,,,,,,,,,,,,,,,,,,,,,,,,,,,,,,,
1-Aug-16,187.8,203.2,215,193.8,171.2,162,188.2,,,,,,,,,,,,,,,,,,,,,,,,,,,,,,,,,,,,,,,,,,,,,,,
1-Jul-16,182.5,209.5,210,208,165.5,156.75,187.75,,,,,,,,,,,,,,,,,,,,,,,,,,,,,,,,,,,,,,,,,,,,,,,
1-Jun-16,184,225.75,210,222,187.25,176.25,198,,,,,,,,,,,,,,,,,,,,,,,,,,,,,,,,,,,,,,,,,,,,,,,
1-May-16,175.4,226.6,202,215.4,193.4,174.6,193.2,,,,,,,,,,,,,,,,,,,,,,,,,,,,,,,,,,,,,,,,,,,,,,,
1-Apr-16,171.5,231.5,198.75,217.5,186,168.75,200.75,,,,,,,,,,,,,,,,,,,,,,,,,,,,,,,,,,,,,,,,,,,,,,,
1-Mar-16,166.8,224.8,192.4,212.6,180.2,164.4,207,,,,,,,,,,,,,,,,,,,,,,,,,,,,,,,,,,,,,,,,,,,,,,,
1-Feb-16,171,225.25,194,206.25,181,170.25,205.25,,,,,,,,,,,,,,,,,,,,,,,,,,,,,,,,,,,,,,,,,,,,,,,
1-Jan-16,175.75,229.5,194.5,204.75,183,172.5,213.75,,,,,,,,,,,,,,,,,,,,,,,,,,,,,,,,,,,,,,,,,,,,,,,
1-Dec-15,186.2,234.4,193,209,192.4,182.8,212.4,,,,,,,,,,,,,,,,,,,,,,,,,,,,,,,,,,,,,,,,,,,,,,,
1-Nov-15,190.75,229.5,210,214,198,185.5,211,,,,,,,,,,,,,,,,,,,,,,,,,,,,,,,,,,,,,,,,,,,,,,,
1-Oct-15,192.75,235.25,223.5,215.25,196.5,181,220.75,,,,,,,,,,,,,,,,,,,,,,,,,,,,,,,,,,,,,,,,,,,,,,,
1-Sep-15,179.8,231.2,223.2,199.8,182.8,167.6,218.4,,,,,,,,,,,,,,,,,,,,,,,,,,,,,,,,,,,,,,,,,,,,,,,
1-Aug-15,188,223,226.75,229.25,187,173.75,215.75,,,,,,,,,,,,,,,,,,,,,,,,,,,,,,,,,,,,,,,,,,,,,,,
1-Jul-15,204.75,249.5,228.5,241.75,197,186,237.5,,,,,,,,,,,,,,,,,,,,,,,,,,,,,,,,,,,,,,,,,,,,,,,
1-Jun-15,200.2,251.2,226,245.4,194.2,188.2,242,,,,,,,,,,,,,,,,,,,,,,,,,,,,,,,,,,,,,,,,,,,,,,,
1-May-15,191,237.5,227.5,236,193,184.75,231.25,,,,,,,,,,,,,,,,,,,,,,,,,,,,,,,,,,,,,,,,,,,,,,,
1-Apr-15,199,248.5,224.75,237,210.25,193.75,238.75,,,,,,,,,,,,,,,,,,,,,,,,,,,,,,,,,,,,,,,,,,,,,,,
1-Mar-15,205.8,262.8,228,234.6,217.2,196.6,249.6,,,,,,,,,,,,,,,,,,,,,,,,,,,,,,,,,,,,,,,,,,,,,,,
1-Feb-15,216.5,283,241.25,242.5,239.25,207.25,251.75,,,,,,,,,,,,,,,,,,,,,,,,,,,,,,,,,,,,,,,,,,,,,,,
1-Jan-15,234.5,301.75,254.25,261.75,259,228.33,262,,,,,,,,,,,,,,,,,,,,,,,,,,,,,,,,,,,,,,,,,,,,,,,
1-Dec-14,244.6,327.2,251,266,259.4,224.4,288.8,,,,,,,,,,,,,,,,,,,,,,,,,,,,,,,,,,,,,,,,,,,,,,,
1-Nov-14,225.5,301.25,252.5,268,250.5,209.75,280.25,,,,,,,,,,,,,,,,,,,,,,,,,,,,,,,,,,,,,,,,,,,,,,,
1-Oct-14,218.75,297.75,241.75,264.25,239,196.5,289.5,,,,,,,,,,,,,,,,,,,,,,,,,,,,,,,,,,,,,,,,,,,,,,,
1-Sep-14,219.2,295,247.6,257,242.2,190.2,278.6,,,,,,,,,,,,,,,,,,,,,,,,,,,,,,,,,,,,,,,,,,,,,,,
1-Aug-14,238.5,295.75,270.25,258.25,244.75,195.75,284.5,,,,,,,,,,,,,,,,,,,,,,,,,,,,,,,,,,,,,,,,,,,,,,,
1-Jul-14,244.8,299.2,287,259.4,247.2,217.4,294.2,,,,,,,,,,,,,,,,,,,,,,,,,,,,,,,,,,,,,,,,,,,,,,,
1-Jun-14,255.5,316,365,275.5,258.25,233.5,314,,,,,,,,,,,,,,,,,,,,,,,,,,,,,,,,,,,,,,,,,,,,,,,
1-May-14,279.5,,372.5,291.25,289,257.25,345.25,,,,,,,,,,,,,,,,,,,,,,,,,,,,,,,,,,,,,,,,,,,,,,,
1-Apr-14,296.4,,361,287.2,292.4,255.8,339.6,,,,,,,,,,,,,,,,,,,,,,,,,,,,,,,,,,,,,,,,,,,,,,,
1-Mar-14,294.5,,340,281.25,290.5,253.5,333.75,,,,,,,,,,,,,,,,,,,,,,,,,,,,,,,,,,,,,,,,,,,,,,,
1-Feb-14,273.5,,328.25,260.25,279,245,303.25,,,,,,,,,,,,,,,,,,,,,,,,,,,,,,,,,,,,,,,,,,,,,,,
1-Jan-14,275.5,,330,252.5,287.75,249.5,288,,,,,,,,,,,,,,,,,,,,,,,,,,,,,,,,,,,,,,,,,,,,,,,
1-Dec-13,289.8,275,340,266.6,294.6,258.8,300.8,,,,,,,,,,,,,,,,,,,,,,,,,,,,,,,,,,,,,,,,,,,,,,,
1-Nov-13,278.5,303.25,352.5,276.25,286.75,257.25,316.5,,,,,,,,,,,,,,,,,,,,,,,,,,,,,,,,,,,,,,,,,,,,,,,
1-Oct-13,274.4,322.4,344,283,272.6,247.2,332.6,,,,,,,,,,,,,,,,,,,,,,,,,,,,,,,,,,,,,,,,,,,,,,,
1-Sep-13,253.25,320,299.75,291.5,250.5,230,311.5,,,,,,,,,,,,,,,,,,,,,,,,,,,,,,,,,,,,,,,,,,,,,,,
1-Aug-13,251.75,335,280.75,294,253,225,314.5,,,,,,,,,,,,,,,,,,,,,,,,,,,,,,,,,,,,,,,,,,,,,,,
1-Jul-13,252.6,345.2,302,293.8,254.4,231,311,,,,,,,,,,,,,,,,,,,,,,,,,,,,,,,,,,,,,,,,,,,,,,,
1-Jun-13,284.25,355,310,302.25,268.75,248.75,321.25,,,,,,,,,,,,,,,,,,,,,,,,,,,,,,,,,,,,,,,,,,,,,,,
1-May-13,317.25,362.5,315,309.5,268.75,248.25,328.75,,,,,,,,,,,,,,,,,,,,,,,,,,,,,,,,,,,,,,,,,,,,,,,
1-Apr-13,326.2,358.8,324,304.6,273.75,251.25,323.6,,,,,,,,,,,,,,,,,,,,,,,,,,,,,,,,,,,,,,,,,,,,,,,
1-Mar-13,321,355.75,346.25,299.25,,,323.25,,,,,,,,,,,,,,,,,,,,,,,,,,,,,,,,,,,,,,,,,,,,,,,
1-Feb-13,332.75,364,357.75,305.75,,,328.5,,,,,,,,,,,,,,,,,,,,,,,,,,,,,,,,,,,,,,,,,,,,,,,
1-Jan-13,340.8,379,362.4,325.6,,,347.6,,,,,,,,,,,,,,,,,,,,,,,,,,,,,,,,,,,,,,,,,,,,,,,
1-Dec-12,349.25,,360,338.75,357.5,,359.5,,,,,,,,,,,,,,,,,,,,,,,,,,,,,,,,,,,,,,,,,,,,,,,
1-Nov-12,351.75,,345,340,351.25,330,373.5,,,,,,,,,,,,,,,,,,,,,,,,,,,,,,,,,,,,,,,,,,,,,,,
1-Oct-12,343.4,,332,343.4,346,329,373,,,,,,,,,,,,,,,,,,,,,,,,,,,,,,,,,,,,,,,,,,,,,,,
1-Sep-12,344.5,,336.25,345.25,330,318.75,371.5,,,,,,,,,,,,,,,,,,,,,,,,,,,,,,,,,,,,,,,,,,,,,,,
1-Aug-12,330,,335,347,312.5,297.5,362.25,,,,,,,,,,,,,,,,,,,,,,,,,,,,,,,,,,,,,,,,,,,,,,,
1-Jul-12,314.8,,314,333,299,284,352.4,,,,,,,,,,,,,,,,,,,,,,,,,,,,,,,,,,,,,,,,,,,,,,,
1-Jun-12,276.5,,263.25,278,263.75,236.25,287.75,,,,,,,,,,,,,,,,,,,,,,,,,,,,,,,,,,,,,,,,,,,,,,,
1-May-12,284.4,,251.4,266.4,268,250,278.6,,,,,,,,,,,,,,,,,,,,,,,,,,,,,,,,,,,,,,,,,,,,,,,
1-Apr-12,288.25,384,252,247.25,271.25,257.5,279.5,,,,,,,,,,,,,,,,,,,,,,,,,,,,,,,,,,,,,,,,,,,,,,,
1-Mar-12,290.25,371,260.5,246.5,277.5,257,294.5,,,,,,,,,,,,,,,,,,,,,,,,,,,,,,,,,,,,,,,,,,,,,,,
1-Feb-12,284.25,380.5,263,256.25,278.75,263.75,296.75,,,,,,,,,,,,,,,,,,,,,,,,,,,,,,,,,,,,,,,,,,,,,,,
1-Jan-12,269.8,385,249,247,259,248.75,298.2,,,,,,,,,,,,,,,,,,,,,,,,,,,,,,,,,,,,,,,,,,,,,,,
1-Dec-11,249.75,397.25,223.5,226,242.5,227,290,,,,,,,,,,,,,,,,,,,,,,,,,,,,,,,,,,,,,,,,,,,,,,,
1-Nov-11,259,409.4,239,234.8,243,228.75,298.8,,,,,,,,,,,,,,,,,,,,,,,,,,,,,,,,,,,,,,,,,,,,,,,
1-Oct-11,262,414.75,260,234,235,227.5,301.5,,,,,,,,,,,,,,,,,,,,,,,,,,,,,,,,,,,,,,,,,,,,,,,
1-Sep-11,286.25,412.5,300,252.25,268.75,255,329,,,,,,,,,,,,,,,,,,,,,,,,,,,,,,,,,,,,,,,,,,,,,,,
1-Aug-11,295,437.8,292,255.8,265,256.25,336.2,,,,,,,,,,,,,,,,,,,,,,,,,,,,,,,,,,,,,,,,,,,,,,,
1-Jul-11,286,448.25,310,243,242.5,233,307.5,,,,,,,,,,,,,,,,,,,,,,,,,,,,,,,,,,,,,,,,,,,,,,,
1-Jun-11,347.5,482.25,341.25,271.25,,261.25,333.5,,,,,,,,,,,,,,,,,,,,,,,,,,,,,,,,,,,,,,,,,,,,,,,
1-May-11,361.4,481.4,350.8,274.75,,,362,,,,,,,,,,,,,,,,,,,,,,,,,,,,,,,,,,,,,,,,,,,,,,,
1-Apr-11,371,466,352,285.2,,,364.25,,,,,,,,,,,,,,,,,,,,,,,,,,,,,,,,,,,,,,,,,,,,,,,
1-Mar-11,338,433,347.6,282.75,,,333.8,,,,,,,,,,,,,,,,,,,,,,,,,,,,,,,,,,,,,,,,,,,,,,,
1-Feb-11,371,472.75,347.5,301.75,,,362,,,,,,,,,,,,,,,,,,,,,,,,,,,,,,,,,,,,,,,,,,,,,,,
1-Jan-11,347.75,436.5,316.75,298.25,,,339.75,,,,,,,,,,,,,,,,,,,,,,,,,,,,,,,,,,,,,,,,,,,,,,,
1-Dec-10,326.5,419.75,300.5,315.8,,,327.25,,,,,,,,,,,,,,,,,,,,,,,,,,,,,,,,,,,,,,,,,,,,,,,
1-Nov-10,306.4,376.8,295.4,288.25,,,291.2,,,,,,,,,,,,,,,,,,,,,,,,,,,,,,,,,,,,,,,,,,,,,,,
1-Oct-10,297.75,367,294.5,287.2,280,260,290.75,,,,,,,,,,,,,,,,,,,,,,,,,,,,,,,,,,,,,,,,,,,,,,,
1-Sep-10,304.87,368.35,298.75,290.25,288.33,260,303.5,,,,,,,,,,,,,,,,,,,,,,,,,,,,,,,,,,,,,,,,,,,,,,,
1-Aug-10,290,329.5,276.6,267.5,251.25,,271.8,,,,,,,,,,,,,,,,,,,,,,,,,,,,,,,,,,,,,,,,,,,,,,,
1-Jul-10,217.4,296.4,212.25,203,200,172.6,211.75,,,,,,,,,,,,,,,,,,,,,,,,,,,,,,,,,,,,,,,,,,,,,,,
1-Jun-10,170.5,264.5,205.8,180.25,166,144.75,181.4,,,,,,,,,,,,,,,,,,,,,,,,,,,,,,,,,,,,,,,,,,,,,,,
1-May-10,171.25,257.25,243.5,182.75,174,159.5,195.75,,,,,,,,,,,,,,,,,,,,,,,,,,,,,,,,,,,,,,,,,,,,,,,
1-Apr-10,173.6,268.2,228.25,183.2,169,160.2,200.25,,,,,,,,,,,,,,,,,,,,,,,,,,,,,,,,,,,,,,,,,,,,,,,
1-Mar-10,165.25,271.25,211.2,186.25,165.5,155.75,204.4,,,,,,,,,,,,,,,,,,,,,,,,,,,,,,,,,,,,,,,,,,,,,,,
1-Feb-10,167.75,282.5,221.5,191.5,169.5,157,207,,,,,,,,,,,,,,,,,,,,,,,,,,,,,,,,,,,,,,,,,,,,,,,
1-Jan-10,178.75,286.25,236.25,203,177.75,165,213.5,,,,,,,,,,,,,,,,,,,,,,,,,,,,,,,,,,,,,,,,,,,,,,,
1-Dec-09,187.4,303.11,240.2,209,186.4,175,221.4,,,,,,,,,,,,,,,,,,,,,,,,,,,,,,,,,,,,,,,,,,,,,,,
1-Nov-09,193,306.97,214,210.25,185,165.5,227.5,,,,,,,,,,,,,,,,,,,,,,,,,,,,,,,,,,,,,,,,,,,,,,,
1-Oct-09,192.25,289.86,214.25,202.8,173,151,212,,,,,,,,,,,,,,,,,,,,,,,,,,,,,,,,,,,,,,,,,,,,,,,
1-Sep-09,179.5,280.74,207.8,204,160,127.5,199.8,,,,,,,,,,,,,,,,,,,,,,,,,,,,,,,,,,,,,,,,,,,,,,,
1-Aug-09,180.25,287.06,228.75,222.25,170,130,217.75,,,,,,,,,,,,,,,,,,,,,,,,,,,,,,,,,,,,,,,,,,,,,,,
1-Jul-09,193.5,319.94,234.5,243.8,172,137,231.75,,,,,,,,,,,,,,,,,,,,,,,,,,,,,,,,,,,,,,,,,,,,,,,
1-Jun-09,201.25,366.53,228,265,191.25,162.5,263.4,,,,,,,,,,,,,,,,,,,,,,,,,,,,,,,,,,,,,,,,,,,,,,,
1-May-09,204.57,384.7,210,240.2,191,157,265.5,,,,,,,,,,,,,,,,,,,,,,,,,,,,,,,,,,,,,,,,,,,,,,,
1-Apr-09,185.8,384.55,211,220.75,176.25,132.5,242,,,,,,,,,,,,,,,,,,,,,,,,,,,,,,,,,,,,,,,,,,,,,,,
1-Mar-09,179.53,307.08,214.25,217.75,170,131.25,244.4,,,,,,,,,,,,,,,,,,,,,,,,,,,,,,,,,,,,,,,,,,,,,,,
1-Feb-09,186.24,318.81,218.5,210.75,186.25,142.5,240.75,,,,,,,,,,,,,,,,,,,,,,,,,,,,,,,,,,,,,,,,,,,,,,,
1-Jan-09,194.55,342.65,213,208.8,187,124,256,,,,,,,,,,,,,,,,,,,,,,,,,,,,,,,,,,,,,,,,,,,,,,,
1-Dec-08,175.22,328.28,176.8,202,158.75,113.75,239.8,,,,,,,,,,,,,,,,,,,,,,,,,,,,,,,,,,,,,,,,,,,,,,,
1-Nov-08,175.48,323.95,188.75,,155,121.25,247.25,,,,,,,,,,,,,,,,,,,,,,,,,,,,,,,,,,,,,,,,,,,,,,,
1-Oct-08,198.51,322.51,235,,199.4,154.4,252.25,,,,,,,,,,,,,,,,,,,,,,,,,,,,,,,,,,,,,,,,,,,,,,,
1-Sep-08,251.54,366.53,280,,256.42,189.75,308.4,,,,,,,,,,,,,,,,,,,,,,,,,,,,,,,,,,,,,,,,,,,,,,,
1-Aug-08,289.3,402.52,306.6,,280,206,342.75,,,,,,,,,,,,,,,,,,,,,,,,,,,,,,,,,,,,,,,,,,,,,,,
1-Jul-08,301.29,398.66,329.25,,278.75,245,340.8,,,,,,,,,,,,,,,,,,,,,,,,,,,,,,,,,,,,,,,,,,,,,,,
1-Jun-08,317.2,426.8,362.75,,310,282.5,357.5,,,,,,,,,,,,,,,,,,,,,,,,,,,,,,,,,,,,,,,,,,,,,,,
1-May-08,316.76,484.32,,,356,316,349.25,,,,,,,,,,,,,,,,,,,,,,,,,,,,,,,,,,,,,,,,,,,,,,,
1-Apr-08,359.19,534.75,,,430,390,381.8,,,,,,,,,,,,,,,,,,,,,,,,,,,,,,,,,,,,,,,,,,,,,,,
1-Mar-08,434.38,615.24,395,,435,387.5,481.5,,,,,,,,,,,,,,,,,,,,,,,,,,,,,,,,,,,,,,,,,,,,,,,
1-Feb-08,401.31,743.62,364.75,,380,330,449.25,,,,,,,,,,,,,,,,,,,,,,,,,,,,,,,,,,,,,,,,,,,,,,,
1-Jan-08,372.09,509.76,329,,346.25,311.25,380.6,,,,,,,,,,,,,,,,,,,,,,,,,,,,,,,,,,,,,,,,,,,,,,,
1-Dec-07,319.75,468.53,309.67,,335,305,380.67,,,,,,,,,,,,,,,,,,,,,,,,,,,,,,,,,,,,,,,,,,,,,,,
1-Nov-07,319.75,389.87,289.5,,331,300,332.25,,,,,,,,,,,,,,,,,,,,,,,,,,,,,,,,,,,,,,,,,,,,,,,
1-Oct-07,,385.12,321,,331.25,296.25,351.6,,,,,,,,,,,,,,,,,,,,,,,,,,,,,,,,,,,,,,,,,,,,,,,
1-Sep-07,,360.26,325,354,327.5,297.5,342.5,,,,,,,,,,,,,,,,,,,,,,,,,,,,,,,,,,,,,,,,,,,,,,,
1-Aug-07,,294.46,273.25,298,283,264,276.5,,,,,,,,,,,,,,,,,,,,,,,,,,,,,,,,,,,,,,,,,,,,,,,
1-Jul-07,,272.92,251.33,271.75,260,243.75,250.33,,,,,,,,,,,,,,,,,,,,,,,,,,,,,,,,,,,,,,,,,,,,,,,
1-Jun-07,,258.98,239,250.4,223,213,231.25,,,,,,,,,,,,,,,,,,,,,,,,,,,,,,,,,,,,,,,,,,,,,,,
1-May-07,,238.53,218.6,230.25,207.5,197.5,202.6,,,,,,,,,,,,,,,,,,,,,,,,,,,,,,,,,,,,,,,,,,,,,,,
1-Apr-07,,236.21,208.5,241.5,196.25,186.25,206.25,,,,,,,,,,,,,,,,,,,,,,,,,,,,,,,,,,,,,,,,,,,,,,,
1-Mar-07,,233.75,187,236.6,196,187,208.5,,,,,,,,,,,,,,,,,,,,,,,,,,,,,,,,,,,,,,,,,,,,,,,
1-Feb-07,,233.24,175,235.75,198.75,190,208.5,,,,,,,,,,,,,,,,,,,,,,,,,,,,,,,,,,,,,,,,,,,,,,,
1-Jan-07,,230.77,182.6,225.75,200,190,207.8,,,,,,,,,,,,,,,,,,,,,,,,,,,,,,,,,,,,,,,,,,,,,,,
1-Dec-06,,238.09,186,232.8,200,190,215.75,,,,,,,,,,,,,,,,,,,,,,,,,,,,,,,,,,,,,,,,,,,,,,,
1-Nov-06,,227.7,185.25,234.75,196.25,181.25,219.25,,,,,,,,,,,,,,,,,,,,,,,,,,,,,,,,,,,,,,,,,,,,,,,
1-Oct-06,,227.64,191.2,233.25,183.33,166.67,217.6,,,,,,,,,,,,,,,,,,,,,,,,,,,,,,,,,,,,,,,,,,,,,,,
1-Sep-06,,207.8,167.25,221.8,176.6,159.4,207.75,,,,,,,,,,,,,,,,,,,,,,,,,,,,,,,,,,,,,,,,,,,,,,,
1-Aug-06,,207.83,160.2,215.75,151.75,137.5,200.6,,,,,,,,,,,,,,,,,,,,,,,,,,,,,,,,,,,,,,,,,,,,,,,
1-Jul-06,,230.58,158.5,224,143.12,122.75,213,,,,,,,,,,,,,,,,,,,,,,,,,,,,,,,,,,,,,,,,,,,,,,,
1-Jun-06,,216.26,156,222.6,144.5,128.8,202.75,,,,,,,,,,,,,,,,,,,,,,,,,,,,,,,,,,,,,,,,,,,,,,,
1-May-06,,214.55,146.4,219,136.25,121,201,,,,,,,,,,,,,,,,,,,,,,,,,,,,,,,,,,,,,,,,,,,,,,,
1-Apr-06,,203.03,135.5,204.75,131.25,114.5,187,,,,,,,,,,,,,,,,,,,,,,,,,,,,,,,,,,,,,,,,,,,,,,,
1-Mar-06,,203.69,135.25,198.4,137.5,116.8,179.25,,,,,,,,,,,,,,,,,,,,,,,,,,,,,,,,,,,,,,,,,,,,,,,
1-Feb-06,,213.71,137.25,200.25,133.25,116.25,183.5,,,,,,,,,,,,,,,,,,,,,,,,,,,,,,,,,,,,,,,,,,,,,,,
1-Jan-06,,210.36,133.2,190.25,122.25,110,170.6,,,,,,,,,,,,,,,,,,,,,,,,,,,,,,,,,,,,,,,,,,,,,,,
1-Dec-05,,207.21,130,188,124.2,110,168,,,,,,,,,,,,,,,,,,,,,,,,,,,,,,,,,,,,,,,,,,,,,,,
1-Nov-05,,200.67,133.6,186.5,119.75,106.25,166.8,,,,,,,,,,,,,,,,,,,,,,,,,,,,,,,,,,,,,,,,,,,,,,,
1-Oct-05,,203.24,132.25,192.25,115,98,174.5,,,,,,,,,,,,,,,,,,,,,,,,,,,,,,,,,,,,,,,,,,,,,,,
1-Sep-05,,200.56,136.25,187.6,111,97,167.25,,,,,,,,,,,,,,,,,,,,,,,,,,,,,,,,,,,,,,,,,,,,,,,
1-Aug-05,,190.58,142,178.25,110,97,156.6,,,,,,,,,,,,,,,,,,,,,,,,,,,,,,,,,,,,,,,,,,,,,,,
1-Jul-05,,191.97,144,168.2,113,104.4,148.25,,,,,,,,,,,,,,,,,,,,,,,,,,,,,,,,,,,,,,,,,,,,,,,
1-Jun-05,,199.57,133.5,167.75,121,111.5,146.25,,,,,,,,,,,,,,,,,,,,,,,,,,,,,,,,,,,,,,,,,,,,,,,
1-May-05,,189.3,133.4,168.5,120,111.5,150.8,,,,,,,,,,,,,,,,,,,,,,,,,,,,,,,,,,,,,,,,,,,,,,,
1-Apr-05,,185.54,129.25,169.8,125.6,115,147.75,,,,,,,,,,,,,,,,,,,,,,,,,,,,,,,,,,,,,,,,,,,,,,,
1-Mar-05,,195.8,127.6,180.25,129.25,120,156.8,,,,,,,,,,,,,,,,,,,,,,,,,,,,,,,,,,,,,,,,,,,,,,,
1-Feb-05,,201.01,112.75,174.25,128.5,119.25,153.75,,,,,,,,,,,,,,,,,,,,,,,,,,,,,,,,,,,,,,,,,,,,,,,
1-Jan-05,,204.98,107,180.5,127,118.5,157,,,,,,,,,,,,,,,,,,,,,,,,,,,,,,,,,,,,,,,,,,,,,,,
1-Dec-04,,199.78,110.75,179.2,135,120,160,,,,,,,,,,,,,,,,,,,,,,,,,,,,,,,,,,,,,,,,,,,,,,,
1-Nov-04,,196.85,115.6,182,131.25,120,162.2,,,,,,,,,,,,,,,,,,,,,,,,,,,,,,,,,,,,,,,,,,,,,,,
1-Oct-04,,189.49,120.5,177.2,121,108.8,155.5,,,,,,,,,,,,,,,,,,,,,,,,,,,,,,,,,,,,,,,,,,,,,,,
1-Sep-04,,185.56,126,176.75,121.25,108.33,155,,,,,,,,,,,,,,,,,,,,,,,,,,,,,,,,,,,,,,,,,,,,,,,
1-Aug-04,,164.03,125.8,165.5,124.25,,146.2,,,,,,,,,,,,,,,,,,,,,,,,,,,,,,,,,,,,,,,,,,,,,,,
1-Jul-04,,173.56,138.75,173.4,125,,154.25,,,,,,,,,,,,,,,,,,,,,,,,,,,,,,,,,,,,,,,,,,,,,,,
1-Jun-04,,183.35,143.2,184.75,,,158,,,,,,,,,,,,,,,,,,,,,,,,,,,,,,,,,,,,,,,,,,,,,,,
1-May-04,,186.54,157.25,192,,,166.75,,,,,,,,,,,,,,,,,,,,,,,,,,,,,,,,,,,,,,,,,,,,,,,
1-Apr-04,,188.35,159.25,194.2,,,171.75,,,,,,,,,,,,,,,,,,,,,,,,,,,,,,,,,,,,,,,,,,,,,,,
1-Mar-04,,190.79,152.8,190.25,,,170.6,,,,,,,,,,,,,,,,,,,,,,,,,,,,,,,,,,,,,,,,,,,,,,,
1-Feb-04,,190.78,150.5,189.25,,,164.75,,,,,,,,,,,,,,,,,,,,,,,,,,,,,,,,,,,,,,,,,,,,,,,
1-Jan-04,,183.99,160.5,190.2,,,170.25,,,,,,,,,,,,,,,,,,,,,,,,,,,,,,,,,,,,,,,,,,,,,,,
1-Dec-03,,243.31,162.33,189.25,,,173.67,,,,,,,,,,,,,,,,,,,,,,,,,,,,,,,,,,,,,,,,,,,,,,,
1-Nov-03,,236.54,164.75,188.25,,,165.5,,,,,,,,,,,,,,,,,,,,,,,,,,,,,,,,,,,,,,,,,,,,,,,
1-Oct-03,,166.38,148,178.6,,,149.5,,,,,,,,,,,,,,,,,,,,,,,,,,,,,,,,,,,,,,,,,,,,,,,
1-Sep-03,,164.81,151.8,176.25,,,150.8,,,,,,,,,,,,,,,,,,,,,,,,,,,,,,,,,,,,,,,,,,,,,,,
1-Aug-03,,177.53,153.2,177,,,154.5,,,,,,,,,,,,,,,,,,,,,,,,,,,,,,,,,,,,,,,,,,,,,,,
1-Jul-03,,168.94,142,157.5,,,133.2,,,,,,,,,,,,,,,,,,,,,,,,,,,,,,,,,,,,,,,,,,,,,,,
1-Jun-03,,172.31,158,162.25,,,135,,,,,,,,,,,,,,,,,,,,,,,,,,,,,,,,,,,,,,,,,,,,,,,
1-May-03,,174.48,156.75,168.6,,,147.25,,,,,,,,,,,,,,,,,,,,,,,,,,,,,,,,,,,,,,,,,,,,,,,
1-Apr-03,,175.53,142.6,168,,,143,,,,,,,,,,,,,,,,,,,,,,,,,,,,,,,,,,,,,,,,,,,,,,,
1-Mar-03,,181.09,149.25,171,,94,145.75,,,,,,,,,,,,,,,,,,,,,,,,,,,,,,,,,,,,,,,,,,,,,,,
1-Feb-03,,187.57,146,179,,95.25,154.75,,,,,,,,,,,,,,,,,,,,,,,,,,,,,,,,,,,,,,,,,,,,,,,
1-Jan-03,,193.38,137.75,177.4,,84,153.25,,,,,,,,,,,,,,,,,,,,,,,,,,,,,,,,,,,,,,,,,,,,,,,
1-Dec-02,,205.65,130,188.25,,82,165.4,,,,,,,,,,,,,,,,,,,,,,,,,,,,,,,,,,,,,,,,,,,,,,,
1-Nov-02,,225.64,136.25,208.4,,80.6,180.5,,,,,,,,,,,,,,,,,,,,,,,,,,,,,,,,,,,,,,,,,,,,,,,
1-Oct-02,,232.67,155.2,221.75,,79,195.6,,,,,,,,,,,,,,,,,,,,,,,,,,,,,,,,,,,,,,,,,,,,,,,
1-Sep-02,,224.76,152.75,218.25,,75.5,189.5,,,,,,,,,,,,,,,,,,,,,,,,,,,,,,,,,,,,,,,,,,,,,,,
1-Aug-02,,182.3,137.75,189.8,,70.6,165.25,,,,,,,,,,,,,,,,,,,,,,,,,,,,,,,,,,,,,,,,,,,,,,,
1-Jul-02,,166.19,137,175.75,,70.75,151,,,,,,,,,,,,,,,,,,,,,,,,,,,,,,,,,,,,,,,,,,,,,,,
1-Jun-02,,146.84,150.25,164.25,,75.5,133.25,,,,,,,,,,,,,,,,,,,,,,,,,,,,,,,,,,,,,,,,,,,,,,,
1-May-02,,142.22,130.67,149.2,,79,123.25,,,,,,,,,,,,,,,,,,,,,,,,,,,,,,,,,,,,,,,,,,,,,,,
1-Apr-02,,142.25,120.6,150.75,,78,125.4,,,,,,,,,,,,,,,,,,,,,,,,,,,,,,,,,,,,,,,,,,,,,,,
1-Mar-02,,145.04,110.5,155,,79.2,125.75,,,,,,,,,,,,,,,,,,,,,,,,,,,,,,,,,,,,,,,,,,,,,,,
1-Feb-02,,148.2,111,158.25,,87.5,126.5,,,,,,,,,,,,,,,,,,,,,,,,,,,,,,,,,,,,,,,,,,,,,,,
1-Jan-02,,149.98,115,162.25,,90.33,128,,,,,,,,,,,,,,,,,,,,,,,,,,,,,,,,,,,,,,,,,,,,,,,
1-Dec-01,,151.82,107,159.75,,90.25,125.5,,,,,,,,,,,,,,,,,,,,,,,,,,,,,,,,,,,,,,,,,,,,,,,
1-Nov-01,,147.9,108.75,164.6,,87.2,128,,,,,,,,,,,,,,,,,,,,,,,,,,,,,,,,,,,,,,,,,,,,,,,
1-Oct-01,,146.44,111,165.25,,79,126.4,,,,,,,,,,,,,,,,,,,,,,,,,,,,,,,,,,,,,,,,,,,,,,,
1-Sep-01,,146.54,118.5,162.5,,76,127.25,,,,,,,,,,,,,,,,,,,,,,,,,,,,,,,,,,,,,,,,,,,,,,,
1-Aug-01,,145.92,120.25,160,,80.4,125.75,,,,,,,,,,,,,,,,,,,,,,,,,,,,,,,,,,,,,,,,,,,,,,,
1-Jul-01,,152.43,123,155.5,,82,126.8,,,,,,,,,,,,,,,,,,,,,,,,,,,,,,,,,,,,,,,,,,,,,,,
1-Jun-01,,154.8,127,155.6,,82.5,130,,,,,,,,,,,,,,,,,,,,,,,,,,,,,,,,,,,,,,,,,,,,,,,
1-May-01,,154.72,129.2,159,,87.67,136.2,,,,,,,,,,,,,,,,,,,,,,,,,,,,,,,,,,,,,,,,,,,,,,,
1-Apr-01,,149.6,120,157.75,,92,130.25,,,,,,,,,,,,,,,,,,,,,,,,,,,,,,,,,,,,,,,,,,,,,,,
1-Mar-01,,152.85,121.6,158,,92,133.25,,,,,,,,,,,,,,,,,,,,,,,,,,,,,,,,,,,,,,,,,,,,,,,
1-Feb-01,,157.45,124.5,160.75,,88.25,131,,,,,,,,,,,,,,,,,,,,,,,,,,,,,,,,,,,,,,,,,,,,,,,
1-Jan-01,,158.44,121.6,166.25,,87,134.2,,,,,,,,,,,,,,,,,,,,,,,,,,,,,,,,,,,,,,,,,,,,,,,
1-Dec-00,,158.69,115.8,163.2,,86,130.5,,,,,,,,,,,,,,,,,,,,,,,,,,,,,,,,,,,,,,,,,,,,,,,
1-Nov-00,,151.24,128.25,163,,83,130.25,,,,,,,,,,,,,,,,,,,,,,,,,,,,,,,,,,,,,,,,,,,,,,,
1-Oct-00,,146.92,131.75,158.75,,83,131.2,,,,,,,,,,,,,,,,,,,,,,,,,,,,,,,,,,,,,,,,,,,,,,,
1-Sep-00,,140.57,122.6,146.4,,83,122.5,,,,,,,,,,,,,,,,,,,,,,,,,,,,,,,,,,,,,,,,,,,,,,,
1-Aug-00,,136.08,127.5,138,,81,114.8,,,,,,,,,,,,,,,,,,,,,,,,,,,,,,,,,,,,,,,,,,,,,,,
1-Jul-00,,,123,139,,86.5,115.5,,,,,,,,,,,,,,,,,,,,,,,,,,,,,,,,,,,,,,,,,,,,,,,
1-Jun-00,,147.47,124.8,143.4,,88.2,118.75,,,,,,,,,,,,,,,,,,,,,,,,,,,,,,,,,,,,,,,,,,,,,,,
1-May-00,,149.62,124,,,,115.6,,,,,,,,,,,,,,,,,,,,,,,,,,,,,,,,,,,,,,,,,,,,,,,
1-Apr-00,,147.13,110.25,,,,112,,,,,,,,,,,,,,,,,,,,,,,,,,,,,,,,,,,,,,,,,,,,,,,
1-Mar-00,,146.16,102.2,,,,112.25,,,,,,,,,,,,,,,,,,,,,,,,,,,,,,,,,,,,,,,,,,,,,,,
1-Feb-00,,150.22,100.25,,,,112.2,,,,,,,,,,,,,,,,,,,,,,,,,,,,,,,,,,,,,,,,,,,,,,,
1-Jan-00,,153.43,100.5,,,,110.75,,,,,,,,,,,,,,,,,,,,,,,,,,,,,,,,,,,,,,,,,,,,,,,
,,,,,,,,,,,,,,,,,,,,,,,,,,,,,,,,,,,,,,,,,,,,,,,,,,,,,,
,,,,,,,,,,,,,,,,,,,,,,,,,,,,,,,,,,,,,,,,,,,,,,,,,,,,,,
,,,,,,,,,,,,,,,,,,,,,,,,,,,,,,,,,,,,,,,,,,,,,,,,,,,,,,
,,,,,,,,,,,,,,,,,,,,,,,,,,,,,,,,,,,,,,,,,,,,,,,,,,,,,,
,,,,,,,,,,,,,,,,,,,,,,,,,,,,,,,,,,,,,,,,,,,,,,,,,,,,,,
,,,,,,,,,,,,,,,,,,,,,,,,,,,,,,,,,,,,,,,,,,,,,,,,,,,,,,
,,,,,,,,,,,,,,,,,,,,,,,,,,,,,,,,,,,,,,,,,,,,,,,,,,,,,,
,,,,,,,,,,,,,,,,,,,,,,,,,,,,,,,,,,,,,,,,,,,,,,,,,,,,,,
,,,,,,,,,,,,,,,,,,,,,,,,,,,,,,,,,,,,,,,,,,,,,,,,,,,,,,
,,,,,,,,,,,,,,,,,,,,,,,,,,,,,,,,,,,,,,,,,,,,,,,,,,,,,,
,,,,,,,,,,,,,,,,,,,,,,,,,,,,,,,,,,,,,,,,,,,,,,,,,,,,,,
,,,,,,,,,,,,,,,,,,,,,,,,,,,,,,,,,,,,,,,,,,,,,,,,,,,,,,
,,,,,,,,,,,,,,,,,,,,,,,,,,,,,,,,,,,,,,,,,,,,,,,,,,,,,,
,,,,,,,,,,,,,,,,,,,,,,,,,,,,,,,,,,,,,,,,,,,,,,,,,,,,,,
,,,,,,,,,,,,,,,,,,,,,,,,,,,,,,,,,,,,,,,,,,,,,,,,,,,,,,
,,,,,,,,,,,,,,,,,,,,,,,,,,,,,,,,,,,,,,,,,,,,,,,,,,,,,,
,,,,,,,,,,,,,,,,,,,,,,,,,,,,,,,,,,,,,,,,,,,,,,,,,,,,,,
,,,,,,,,,,,,,,,,,,,,,,,,,,,,,,,,,,,,,,,,,,,,,,,,,,,,,,
,,,,,,,,,,,,,,,,,,,,,,,,,,,,,,,,,,,,,,,,,,,,,,,,,,,,,,
,,,,,,,,,,,,,,,,,,,,,,,,,,,,,,,,,,,,,,,,,,,,,,,,,,,,,,
,,,,,,,,,,,,,,,,,,,,,,,,,,,,,,,,,,,,,,,,,,,,,,,,,,,,,,
,,,,,,,,,,,,,,,,,,,,,,,,,,,,,,,,,,,,,,,,,,,,,,,,,,,,,,
,,,,,,,,,,,,,,,,,,,,,,,,,,,,,,,,,,,,,,,,,,,,,,,,,,,,,,
,,,,,,,,,,,,,,,,,,,,,,,,,,,,,,,,,,,,,,,,,,,,,,,,,,,,,,
,,,,,,,,,,,,,,,,,,,,,,,,,,,,,,,,,,,,,,,,,,,,,,,,,,,,,,
,,,,,,,,,,,,,,,,,,,,,,,,,,,,,,,,,,,,,,,,,,,,,,,,,,,,,,
,,,,,,,,,,,,,,,,,,,,,,,,,,,,,,,,,,,,,,,,,,,,,,,,,,,,,,
,,,,,,,,,,,,,,,,,,,,,,,,,,,,,,,,,,,,,,,,,,,,,,,,,,,,,,
,,,,,,,,,,,,,,,,,,,,,,,,,,,,,,,,,,,,,,,,,,,,,,,,,,,,,,
,,,,,,,,,,,,,,,,,,,,,,,,,,,,,,,,,,,,,,,,,,,,,,,,,,,,,,
,,,,,,,,,,,,,,,,,,,,,,,,,,,,,,,,,,,,,,,,,,,,,,,,,,,,,,
,,,,,,,,,,,,,,,,,,,,,,,,,,,,,,,,,,,,,,,,,,,,,,,,,,,,,,
,,,,,,,,,,,,,,,,,,,,,,,,,,,,,,,,,,,,,,,,,,,,,,,,,,,,,,
,,,,,,,,,,,,,,,,,,,,,,,,,,,,,,,,,,,,,,,,,,,,,,,,,,,,,,
,,,,,,,,,,,,,,,,,,,,,,,,,,,,,,,,,,,,,,,,,,,,,,,,,,,,,,
,,,,,,,,,,,,,,,,,,,,,,,,,,,,,,,,,,,,,,,,,,,,,,,,,,,,,,
,,,,,,,,,,,,,,,,,,,,,,,,,,,,,,,,,,,,,,,,,,,,,,,,,,,,,,
,,,,,,,,,,,,,,,,,,,,,,,,,,,,,,,,,,,,,,,,,,,,,,,,,,,,,,
,,,,,,,,,,,,,,,,,,,,,,,,,,,,,,,,,,,,,,,,,,,,,,,,,,,,,,
,,,,,,,,,,,,,,,,,,,,,,,,,,,,,,,,,,,,,,,,,,,,,,,,,,,,,,
,,,,,,,,,,,,,,,,,,,,,,,,,,,,,,,,,,,,,,,,,,,,,,,,,,,,,,
,,,,,,,,21-May,21-Jun,21-Jul,21-Aug,21-Sep,21-Oct,21-Nov,21-Dec,22-Jan,22-Feb,22-Mar,22-Apr,22-May,22-Jun,22-Jul,22-Aug,22-Sep,22-Oct,22-Nov,22-Dec,23-Jan,23-Feb,23-Mar,23-Apr,23-May,23-Jun,23-Jul,23-Aug,23-Sep,23-Oct,23-Nov,23-Dec,24-Jan,24-Feb,24-Mar,24-Apr,24-May,24-Jun,24-Jul,24-Aug,24-Sep,24-Oct,24-Nov,24-Dec,25-Jan,25-Feb,25-Mar
